{"_step":0,"_wandb":{"runtime":2},"test_metric":1,"_timestamp":1.7739788916409228e+09,"_runtime":2.4393848}